일자,수량,소분류
2021-01-05,320,탄산음료
2021-01-05,4500,탄산음료
2021-01-05,1152,탄산음료
2021-01-05,132,탄산음료
2021-01-05,120,탄산음료
2021-01-05,480,탄산음료
2021-01-05,720,탄산음료
2021-01-05,720,탄산음료
2021-01-05,816,탄산음료
2021-01-05,90,탄산음료
2021-01-05,288,탄산음료
2021-01-05,300,탄산음료
2021-01-05,-3,탄산음료
2021-01-07,-232,탄산음료
2021-01-07,60,탄산음료
2021-01-08,-60,탄산음료
2021-01-11,528,탄산음료
2021-01-12,240,탄산음료
2021-01-12,96,탄산음료
2021-01-12,384,탄산음료
2021-01-12,480,탄산음료
2021-01-13,480,탄산음료
2021-01-13,480,탄산음료
2021-01-14,528,탄산음료
2021-01-15,600,탄산음료
2021-01-15,36,탄산음료
2021-01-19,528,탄산음료
2021-01-19,100,탄산음료
2021-01-19,480,탄산음료
2021-01-19,60,탄산음료
2021-01-19,360,탄산음료
2021-01-19,300,탄산음료
2021-01-20,480,탄산음료
2021-01-21,240,탄산음료
2021-01-25,480,탄산음료
2021-01-27,240,탄산음료
2021-02-01,1056,탄산음료
2021-02-01,480,탄산음료
2021-02-02,528,탄산음료
2021-02-02,240,탄산음료
2021-02-02,264,탄산음료
2021-02-02,72,탄산음료
2021-02-03,480,탄산음료
2021-02-03,-36,탄산음료
2021-02-04,480,탄산음료
2021-02-08,1152,탄산음료
2021-02-08,30,탄산음료
2021-02-08,600,탄산음료
2021-02-09,480,탄산음료
2021-02-10,240,탄산음료
2021-02-15,528,탄산음료
2021-02-15,120,탄산음료
2021-02-15,300,탄산음료
2021-02-16,792,탄산음료
2021-02-17,600,탄산음료
2021-02-17,480,탄산음료
2021-02-17,672,탄산음료
2021-02-17,600,탄산음료
2021-02-18,240,탄산음료
2021-02-22,528,탄산음료
2021-02-22,2970,탄산음료
2021-02-25,240,탄산음료
2021-02-25,480,탄산음료
2021-02-25,480,탄산음료
2021-02-25,300,탄산음료
2021-02-25,240,탄산음료
2021-03-01,300,탄산음료
2021-03-03,24,탄산음료
2021-03-03,168,탄산음료
2021-03-03,168,탄산음료
2021-03-04,240,탄산음료
2021-03-04,720,탄산음료
2021-03-04,360,탄산음료
2021-03-04,120,탄산음료
2021-03-04,1200,탄산음료
2021-03-05,-14,탄산음료
2021-03-09,1152,탄산음료
2021-03-09,300,탄산음료
2021-03-09,60,탄산음료
2021-03-09,300,탄산음료
2021-03-09,150,탄산음료
2021-03-09,300,탄산음료
2021-03-09,300,탄산음료
2021-03-09,120,탄산음료
2021-03-09,120,탄산음료
2021-03-09,240,탄산음료
2021-03-09,240,탄산음료
2021-03-10,480,탄산음료
2021-03-10,72,탄산음료
2021-03-13,48,탄산음료
2021-03-15,120,탄산음료
2021-03-16,504,탄산음료
2021-03-16,24,탄산음료
2021-03-16,30,탄산음료
2021-03-16,450,탄산음료
2021-03-16,-4,탄산음료
2021-03-17,1440,탄산음료
2021-03-17,240,탄산음료
2021-03-17,900,탄산음료
2021-03-18,600,탄산음료
2021-03-18,720,탄산음료
2021-03-18,240,탄산음료
2021-03-22,60,탄산음료
2021-03-22,240,탄산음료
2021-03-22,240,탄산음료
2021-03-22,264,탄산음료
2021-03-22,264,탄산음료
2021-03-22,480,탄산음료
2021-03-23,120,탄산음료
2021-03-23,930,탄산음료
2021-03-25,114,탄산음료
2021-03-25,300,탄산음료
2021-03-26,120,탄산음료
2021-03-27,60,탄산음료
2021-03-29,120,탄산음료
2021-03-29,720,탄산음료
2021-03-29,720,탄산음료
2021-03-29,240,탄산음료
2021-04-01,528,탄산음료
2021-04-01,24,탄산음료
2021-04-02,264,탄산음료
2021-04-05,120,탄산음료
2021-04-05,-1,탄산음료
2021-04-05,-8,탄산음료
2021-04-05,3030,탄산음료
2021-04-05,120,탄산음료
2021-04-05,400,탄산음료
2021-04-06,240,탄산음료
2021-04-06,480,탄산음료
2021-04-06,72,탄산음료
2021-04-06,120,탄산음료
2021-04-07,-60,탄산음료
2021-04-07,-60,탄산음료
2021-04-07,-24,탄산음료
2021-04-07,120,탄산음료
2021-04-07,-72,탄산음료
2021-04-07,-48,탄산음료
2021-04-07,-72,탄산음료
2021-04-07,-72,탄산음료
2021-04-08,120,탄산음료
2021-04-08,300,탄산음료
2021-04-08,300,탄산음료
2021-04-08,-12,탄산음료
2021-04-08,-14,탄산음료
2021-04-09,120,탄산음료
2021-04-09,180,탄산음료
2021-04-09,240,탄산음료
2021-04-09,480,탄산음료
2021-04-09,240,탄산음료
2021-04-09,300,탄산음료
2021-04-09,636,탄산음료
2021-04-09,420,탄산음료
2021-04-09,120,탄산음료
2021-04-09,1080,탄산음료
2021-04-10,120,탄산음료
2021-04-10,120,탄산음료
2021-04-12,60,탄산음료
2021-04-13,528,탄산음료
2021-04-13,120,탄산음료
2021-04-13,360,탄산음료
2021-04-13,120,탄산음료
2021-04-13,360,탄산음료
2021-04-13,360,탄산음료
2021-04-13,-12,탄산음료
2021-04-16,240,탄산음료
2021-04-16,720,탄산음료
2021-04-16,60,탄산음료
2021-04-16,720,탄산음료
2021-04-16,480,탄산음료
2021-04-16,240,탄산음료
2021-04-19,600,탄산음료
2021-04-19,120,탄산음료
2021-04-19,240,탄산음료
2021-04-20,552,탄산음료
2021-04-20,240,탄산음료
2021-04-20,408,탄산음료
2021-04-20,720,탄산음료
2021-04-20,-2,탄산음료
2021-04-20,456,탄산음료
2021-04-20,720,탄산음료
2021-04-20,-1,탄산음료
2021-04-21,200,탄산음료
2021-04-21,360,탄산음료
2021-04-21,-18,탄산음료
2021-04-26,240,탄산음료
2021-04-30,120,탄산음료
2021-04-30,300,탄산음료
2021-04-30,720,탄산음료
2021-04-30,240,탄산음료
2021-05-03,300,탄산음료
2021-05-03,240,탄산음료
2021-05-03,1152,탄산음료
2021-05-03,240,탄산음료
2021-05-03,240,탄산음료
2021-05-03,600,탄산음료
2021-05-03,120,탄산음료
2021-05-03,360,탄산음료
2021-05-04,528,탄산음료
2021-05-04,300,탄산음료
2021-05-04,636,탄산음료
2021-05-04,420,탄산음료
2021-05-04,300,탄산음료
2021-05-04,300,탄산음료
2021-05-04,60,탄산음료
2021-05-05,300,탄산음료
2021-05-06,480,탄산음료
2021-05-06,720,탄산음료
2021-05-10,60,탄산음료
2021-05-10,240,탄산음료
2021-05-10,-576,탄산음료
2021-05-10,-180,탄산음료
2021-05-11,528,탄산음료
2021-05-11,60,탄산음료
2021-05-11,-13,탄산음료
2021-05-11,30,탄산음료
2021-05-11,480,탄산음료
2021-05-11,-1,탄산음료
2021-05-11,-270,탄산음료
2021-05-11,-11,탄산음료
2021-05-12,600,탄산음료
2021-05-12,900,탄산음료
2021-05-14,480,탄산음료
2021-05-17,120,탄산음료
2021-05-17,960,탄산음료
2021-05-18,1152,탄산음료
2021-05-18,60,탄산음료
2021-05-18,480,탄산음료
2021-05-20,720,탄산음료
2021-05-20,300,탄산음료
2021-05-20,720,탄산음료
2021-05-20,240,탄산음료
2021-05-20,240,탄산음료
2021-05-20,600,탄산음료
2021-05-20,720,탄산음료
2021-05-20,120,탄산음료
2021-05-24,300,탄산음료
2021-05-25,2970,탄산음료
2021-05-25,300,탄산음료
2021-05-25,120,탄산음료
2021-05-25,60,탄산음료
2021-05-25,-9,탄산음료
2021-05-25,-2,탄산음료
2021-05-28,720,탄산음료
2021-05-28,200,탄산음료
2021-05-31,240,탄산음료
2021-06-01,144,탄산음료
2021-06-01,216,탄산음료
2021-06-01,1008,탄산음료
2021-06-01,750,탄산음료
2021-06-01,48,탄산음료
2021-06-01,-10,탄산음료
2021-06-01,180,탄산음료
2021-06-01,-12,탄산음료
2021-06-02,480,탄산음료
2021-06-02,20,탄산음료
2021-06-02,600,탄산음료
2021-06-02,660,탄산음료
2021-06-02,420,탄산음료
2021-06-02,60,탄산음료
2021-06-02,990,탄산음료
2021-06-04,200,탄산음료
2021-06-04,240,탄산음료
2021-06-07,300,탄산음료
2021-06-07,60,탄산음료
2021-06-07,600,탄산음료
2021-06-07,300,탄산음료
2021-06-07,60,탄산음료
2021-06-08,1290,탄산음료
2021-06-08,240,탄산음료
2021-06-08,240,탄산음료
2021-06-08,240,탄산음료
2021-06-08,72,탄산음료
2021-06-08,-20,탄산음료
2021-06-09,720,탄산음료
2021-06-09,720,탄산음료
2021-06-09,990,탄산음료
2021-06-10,300,탄산음료
2021-06-10,300,탄산음료
2021-06-17,528,탄산음료
2021-06-17,720,탄산음료
2021-06-17,240,탄산음료
2021-06-17,120,탄산음료
2021-06-17,120,탄산음료
2021-06-17,660,탄산음료
2021-06-17,240,탄산음료
2021-06-18,720,탄산음료
2021-06-21,480,탄산음료
2021-06-21,720,탄산음료
2021-06-21,400,탄산음료
2021-06-21,-24,탄산음료
2021-06-22,600,탄산음료
2021-06-22,450,탄산음료
2021-06-22,600,탄산음료
2021-06-22,450,탄산음료
2021-06-22,120,탄산음료
2021-06-22,-60,탄산음료
2021-06-23,330,탄산음료
2021-06-23,200,탄산음료
2021-06-23,360,탄산음료
2021-06-23,990,탄산음료
2021-06-23,-5,탄산음료
2021-06-24,480,탄산음료
2021-06-24,120,탄산음료
2021-06-24,-24,탄산음료
2021-06-24,264,탄산음료
2021-06-24,240,탄산음료
2021-06-24,600,탄산음료
2021-06-24,-36,탄산음료
2021-06-25,420,탄산음료
2021-06-29,120,탄산음료
2021-06-29,480,탄산음료
2021-07-01,504,탄산음료
2021-07-01,1128,탄산음료
2021-07-01,24,탄산음료
2021-07-01,120,탄산음료
2021-07-01,60,탄산음료
2021-07-01,264,탄산음료
2021-07-03,-120,탄산음료
2021-07-05,720,탄산음료
2021-07-05,320,탄산음료
2021-07-05,1290,탄산음료
2021-07-05,240,탄산음료
2021-07-05,600,탄산음료
2021-07-05,1272,탄산음료
2021-07-05,420,탄산음료
2021-07-05,120,탄산음료
2021-07-06,930,탄산음료
2021-07-08,120,탄산음료
2021-07-08,672,탄산음료
2021-07-08,240,탄산음료
2021-07-12,240,탄산음료
2021-07-13,150,탄산음료
2021-07-14,528,탄산음료
2021-07-14,3600,탄산음료
2021-07-14,-48,탄산음료
2021-07-14,-60,탄산음료
2021-07-14,-4,탄산음료
2021-07-15,240,탄산음료
2021-07-19,120,탄산음료
2021-07-20,-21,탄산음료
2021-07-20,510,탄산음료
2021-07-20,-24,탄산음료
2021-07-20,-3,탄산음료
2021-07-22,1344,탄산음료
2021-07-22,576,탄산음료
2021-07-23,552,탄산음료
2021-07-23,480,탄산음료
2021-07-23,480,탄산음료
2021-07-26,240,탄산음료
2021-07-28,720,탄산음료
2021-07-28,2112,탄산음료
2021-07-28,480,탄산음료
2021-07-31,810,탄산음료
2021-08-02,900,탄산음료
2021-08-02,480,탄산음료
2021-08-02,1290,탄산음료
2021-08-02,60,탄산음료
2021-08-02,600,탄산음료
2021-08-02,1152,탄산음료
2021-08-02,240,탄산음료
2021-08-02,240,탄산음료
2021-08-02,240,탄산음료
2021-08-02,300,탄산음료
2021-08-02,300,탄산음료
2021-08-02,120,탄산음료
2021-08-02,1392,탄산음료
2021-08-02,120,탄산음료
2021-08-04,528,탄산음료
2021-08-04,120,탄산음료
2021-08-04,60,탄산음료
2021-08-05,-30,탄산음료
2021-08-06,390,탄산음료
2021-08-10,300,탄산음료
2021-08-10,420,탄산음료
2021-08-11,60,탄산음료
2021-08-11,210,탄산음료
2021-08-12,528,탄산음료
2021-08-16,240,탄산음료
2021-08-16,240,탄산음료
2021-08-16,200,탄산음료
2021-08-16,200,탄산음료
2021-08-16,240,탄산음료
2021-08-16,240,탄산음료
2021-08-17,1152,탄산음료
2021-08-17,300,탄산음료
2021-08-17,120,탄산음료
2021-08-17,60,탄산음료
2021-08-18,480,탄산음료
2021-08-18,120,탄산음료
2021-08-18,240,탄산음료
2021-08-19,120,탄산음료
2021-08-19,60,탄산음료
2021-08-19,60,탄산음료
2021-08-20,528,탄산음료
2021-08-20,2880,탄산음료
2021-08-23,240,탄산음료
2021-08-23,240,탄산음료
2021-08-23,300,탄산음료
2021-08-23,300,탄산음료
2021-08-23,120,탄산음료
2021-08-23,120,탄산음료
2021-08-23,960,탄산음료
2021-08-23,300,탄산음료
2021-08-23,-17,탄산음료
2021-08-23,-12,탄산음료
2021-08-25,420,탄산음료
2021-08-30,240,탄산음료
2021-08-30,480,탄산음료
2021-08-30,600,탄산음료
2021-08-31,120,탄산음료
2021-08-31,120,탄산음료
2021-08-31,240,탄산음료
2021-08-31,120,탄산음료
2021-09-01,1008,탄산음료
2021-09-01,330,탄산음료
2021-09-01,180,탄산음료
2021-09-01,-8,탄산음료
2021-09-01,-1,탄산음료
2021-09-01,-1,탄산음료
2021-09-01,-30,탄산음료
2021-09-02,480,탄산음료
2021-09-02,-24,탄산음료
2021-09-02,360,탄산음료
2021-09-02,240,탄산음료
2021-09-02,480,탄산음료
2021-09-03,1200,탄산음료
2021-09-03,120,탄산음료
2021-09-06,600,탄산음료
2021-09-07,900,탄산음료
2021-09-07,480,탄산음료
2021-09-07,720,탄산음료
2021-09-07,-4,탄산음료
2021-09-07,-6,탄산음료
2021-09-08,60,탄산음료
2021-09-08,60,탄산음료
2021-09-09,480,탄산음료
2021-09-09,720,탄산음료
2021-09-09,720,탄산음료
2021-09-09,120,탄산음료
2021-09-10,480,탄산음료
2021-09-11,600,탄산음료
2021-09-13,600,탄산음료
2021-09-13,-132,탄산음료
2021-09-14,528,탄산음료
2021-09-14,1152,탄산음료
2021-09-14,60,탄산음료
2021-09-14,-3,탄산음료
2021-09-15,1890,탄산음료
2021-09-15,300,탄산음료
2021-09-15,420,탄산음료
2021-09-16,228,탄산음료
2021-09-16,120,탄산음료
2021-09-16,480,탄산음료
2021-09-16,132,탄산음료
2021-09-17,720,탄산음료
2021-09-23,480,탄산음료
2021-09-23,480,탄산음료
2021-09-24,528,탄산음료
2021-09-27,600,탄산음료
2021-09-29,720,탄산음료
2021-09-29,120,탄산음료
2021-09-29,200,탄산음료
2021-09-29,480,탄산음료
2021-09-29,-48,탄산음료
2021-09-29,480,탄산음료
2021-09-29,480,탄산음료
2021-09-30,264,탄산음료
2021-09-30,300,탄산음료
2021-10-01,168,탄산음료
2021-10-01,2970,탄산음료
2021-10-01,696,탄산음료
2021-10-05,800,탄산음료
2021-10-05,420,탄산음료
2021-10-06,528,탄산음료
2021-10-06,384,탄산음료
2021-10-06,480,탄산음료
2021-10-07,60,탄산음료
2021-10-07,720,탄산음료
2021-10-07,120,탄산음료
2021-10-07,900,탄산음료
2021-10-11,240,탄산음료
2021-10-11,528,탄산음료
2021-10-12,336,탄산음료
2021-10-12,60,탄산음료
2021-10-12,720,탄산음료
2021-10-14,400,탄산음료
2021-10-14,-6,탄산음료
2021-10-14,240,탄산음료
2021-10-15,528,탄산음료
2021-10-18,528,탄산음료
2021-10-18,240,탄산음료
2021-10-18,480,탄산음료
2021-10-18,150,탄산음료
2021-10-18,480,탄산음료
2021-10-18,480,탄산음료
2021-10-18,240,탄산음료
2021-10-18,528,탄산음료
2021-10-18,-24,탄산음료
2021-10-19,960,탄산음료
2021-10-19,360,탄산음료
2021-10-19,1296,탄산음료
2021-10-19,2112,탄산음료
2021-10-19,720,탄산음료
2021-10-19,240,탄산음료
2021-10-19,960,탄산음료
2021-10-19,1320,탄산음료
2021-10-20,780,탄산음료
2021-10-20,480,탄산음료
2021-10-25,768,탄산음료
2021-10-25,320,탄산음료
2021-10-25,-1,탄산음료
2021-10-25,-30,탄산음료
2021-10-25,-6,탄산음료
2021-10-25,300,탄산음료
2021-10-25,-16,탄산음료
2021-11-01,528,탄산음료
2021-11-01,1500,탄산음료
2021-11-01,144,탄산음료
2021-11-01,240,탄산음료
2021-11-01,480,탄산음료
2021-11-02,1890,탄산음료
2021-11-02,636,탄산음료
2021-11-02,840,탄산음료
2021-11-03,900,탄산음료
2021-11-03,300,탄산음료
2021-11-03,150,탄산음료
2021-11-03,60,탄산음료
2021-11-03,60,탄산음료
2021-11-03,312,탄산음료
2021-11-04,60,탄산음료
2021-11-04,240,탄산음료
2021-11-04,120,탄산음료
2021-11-04,264,탄산음료
2021-11-04,300,탄산음료
2021-11-04,-300,탄산음료
2021-11-04,-12,탄산음료
2021-11-04,-60,탄산음료
2021-11-06,-12,탄산음료
2021-11-08,240,탄산음료
2021-11-08,240,탄산음료
2021-11-10,2376,탄산음료
2021-11-10,2112,탄산음료
2021-11-12,528,탄산음료
2021-11-15,120,탄산음료
2021-11-16,384,탄산음료
2021-11-16,930,탄산음료
2021-11-16,-9,탄산음료
2021-11-16,-1,탄산음료
2021-11-18,300,탄산음료
2021-11-23,528,탄산음료
2021-11-24,480,탄산음료
2021-11-25,300,탄산음료
2021-12-01,1152,탄산음료
2021-12-02,240,탄산음료
2021-12-06,150,탄산음료
2021-12-06,150,탄산음료
2021-12-06,120,탄산음료
2021-12-06,636,탄산음료
2021-12-09,2112,탄산음료
2021-12-14,528,탄산음료
2021-12-14,60,탄산음료
2021-12-14,-30,탄산음료
2021-12-14,-60,탄산음료
2021-12-15,240,탄산음료
2021-12-15,300,탄산음료
2021-12-16,300,탄산음료
2021-12-16,-57,탄산음료
2021-12-17,900,탄산음료
2021-12-20,300,탄산음료
2021-12-20,150,탄산음료
2021-12-20,240,탄산음료
2021-12-21,252,탄산음료
2021-12-22,400,탄산음료
2021-12-22,360,탄산음료
2021-12-22,-4,탄산음료
2021-12-22,-1,탄산음료
2021-12-24,504,탄산음료
2021-12-24,240,탄산음료
2021-12-27,120,탄산음료
2021-12-27,200,탄산음료
2021-12-29,480,탄산음료
2021-12-29,480,탄산음료
2021-12-29,240,탄산음료
2022-01-03,528,탄산음료
2022-01-03,24,탄산음료
2022-01-03,930,탄산음료
2022-01-03,480,탄산음료
2022-01-04,150,탄산음료
2022-01-04,150,탄산음료
2022-01-04,300,탄산음료
2022-01-04,300,탄산음료
2022-01-05,900,탄산음료
2022-01-05,264,탄산음료
2022-01-05,660,탄산음료
2022-01-05,420,탄산음료
2022-01-07,300,탄산음료
2022-01-07,132,탄산음료
2022-01-07,240,탄산음료
2022-01-10,300,탄산음료
2022-01-10,60,탄산음료
2022-01-11,528,탄산음료
2022-01-11,1152,탄산음료
2022-01-11,-24,탄산음료
2022-01-11,-14,탄산음료
2022-01-14,720,탄산음료
2022-01-14,240,탄산음료
2022-01-18,528,탄산음료
2022-01-18,1500,탄산음료
2022-01-19,528,탄산음료
2022-01-19,240,탄산음료
2022-01-20,960,탄산음료
2022-01-20,120,탄산음료
2022-01-21,264,탄산음료
2022-01-24,528,탄산음료
2022-01-24,120,탄산음료
2022-01-25,-1,탄산음료
2022-01-25,-1,탄산음료
2022-01-25,-1,탄산음료
2022-01-25,-58,탄산음료
2022-01-25,-72,탄산음료
2022-01-25,-24,탄산음료
2022-01-27,768,탄산음료
2022-02-04,528,탄산음료
2022-02-04,2970,탄산음료
2022-02-07,200,탄산음료
2022-02-07,480,탄산음료
2022-02-08,120,탄산음료
2022-02-08,240,탄산음료
2022-02-08,300,탄산음료
2022-02-08,120,탄산음료
2022-02-08,200,탄산음료
2022-02-08,240,탄산음료
2022-02-08,240,탄산음료
2022-02-08,150,탄산음료
2022-02-08,300,탄산음료
2022-02-08,120,탄산음료
2022-02-08,-30,탄산음료
2022-02-08,-10,탄산음료
2022-02-09,1176,탄산음료
2022-02-09,300,탄산음료
2022-02-09,402,탄산음료
2022-02-09,528,탄산음료
2022-02-09,1200,탄산음료
2022-02-10,2112,탄산음료
2022-02-10,400,탄산음료
2022-02-10,600,탄산음료
2022-02-14,120,탄산음료
2022-02-14,100,탄산음료
2022-02-14,100,탄산음료
2022-02-14,744,탄산음료
2022-02-14,480,탄산음료
2022-02-14,120,탄산음료
2022-02-14,240,탄산음료
2022-02-14,100,탄산음료
2022-02-14,100,탄산음료
2022-02-14,300,탄산음료
2022-02-14,660,탄산음료
2022-02-14,600,탄산음료
2022-02-15,150,탄산음료
2022-02-15,240,탄산음료
2022-02-15,240,탄산음료
2022-02-15,120,탄산음료
2022-02-15,150,탄산음료
2022-02-15,-90,탄산음료
2022-02-15,-150,탄산음료
2022-02-17,96,탄산음료
2022-02-17,120,탄산음료
2022-02-17,240,탄산음료
2022-02-21,240,탄산음료
2022-02-21,480,탄산음료
2022-02-21,240,탄산음료
2022-02-22,528,탄산음료
2022-02-23,240,탄산음료
2022-02-25,240,탄산음료
2022-03-02,2112,탄산음료
2022-03-03,1080,탄산음료
2022-03-03,930,탄산음료
2022-03-03,120,탄산음료
2022-03-03,900,탄산음료
2022-03-03,120,탄산음료
2022-03-03,72,탄산음료
2022-03-03,300,탄산음료
2022-03-03,400,탄산음료
2022-03-04,528,탄산음료
2022-03-04,900,탄산음료
2022-03-07,240,탄산음료
2022-03-08,330,탄산음료
2022-03-08,480,탄산음료
2022-03-10,90,탄산음료
2022-03-10,300,탄산음료
2022-03-10,300,탄산음료
2022-03-10,150,탄산음료
2022-03-10,120,탄산음료
2022-03-10,60,탄산음료
2022-03-10,234,탄산음료
2022-03-11,1056,탄산음료
2022-03-12,240,탄산음료
2022-03-14,240,탄산음료
2022-03-14,240,탄산음료
2022-03-17,480,탄산음료
2022-03-17,300,탄산음료
2022-03-17,720,탄산음료
2022-03-18,1080,탄산음료
2022-03-21,600,탄산음료
2022-03-21,200,탄산음료
2022-03-22,360,탄산음료
2022-03-22,300,탄산음료
2022-03-22,30,탄산음료
2022-03-22,24,탄산음료
2022-03-22,150,탄산음료
2022-03-22,150,탄산음료
2022-03-23,480,탄산음료
2022-03-23,60,탄산음료
2022-03-28,900,탄산음료
2022-03-30,120,탄산음료
2022-03-31,300,탄산음료
2022-04-01,1056,탄산음료
2022-04-01,132,탄산음료
2022-04-01,72,탄산음료
2022-04-01,240,탄산음료
2022-04-01,96,탄산음료
2022-04-01,900,탄산음료
2022-04-01,384,탄산음료
2022-04-01,200,탄산음료
2022-04-01,400,탄산음료
2022-04-05,300,탄산음료
2022-04-05,150,탄산음료
2022-04-05,1152,탄산음료
2022-04-05,240,탄산음료
2022-04-05,150,탄산음료
2022-04-05,300,탄산음료
2022-04-05,300,탄산음료
2022-04-05,-1,탄산음료
2022-04-05,-6,탄산음료
2022-04-06,2112,탄산음료
2022-04-06,-180,탄산음료
2022-04-06,120,탄산음료
2022-04-06,600,탄산음료
2022-04-06,480,탄산음료
2022-04-06,240,탄산음료
2022-04-06,400,탄산음료
2022-04-07,240,탄산음료
2022-04-08,480,탄산음료
2022-04-08,264,탄산음료
2022-04-11,480,탄산음료
2022-04-11,384,탄산음료
2022-04-12,930,탄산음료
2022-04-12,-9,탄산음료
2022-04-12,396,탄산음료
2022-04-12,600,탄산음료
2022-04-12,480,탄산음료
2022-04-12,180,탄산음료
2022-04-12,312,탄산음료
2022-04-12,-1,탄산음료
2022-04-13,240,탄산음료
2022-04-13,96,탄산음료
2022-04-14,240,탄산음료
2022-04-15,240,탄산음료
2022-04-16,240,탄산음료
2022-04-18,600,탄산음료
2022-04-18,240,탄산음료
2022-04-19,720,탄산음료
2022-04-19,900,탄산음료
2022-04-19,480,탄산음료
2022-04-19,300,탄산음료
2022-04-19,1200,탄산음료
2022-04-19,240,탄산음료
2022-04-20,480,탄산음료
2022-04-20,2970,탄산음료
2022-04-20,660,탄산음료
2022-04-20,-10,탄산음료
2022-04-20,-30,탄산음료
2022-04-21,150,탄산음료
2022-04-22,480,탄산음료
2022-04-25,240,탄산음료
2022-05-02,1056,탄산음료
2022-05-02,72,탄산음료
2022-05-02,600,탄산음료
2022-05-02,480,탄산음료
2022-05-02,240,탄산음료
2022-05-02,1200,탄산음료
2022-05-03,720,탄산음료
2022-05-03,180,탄산음료
2022-05-04,2112,탄산음료
2022-05-04,600,탄산음료
2022-05-06,300,탄산음료
2022-05-06,240,탄산음료
2022-05-06,300,탄산음료
2022-05-06,300,탄산음료
2022-05-06,150,탄산음료
2022-05-06,150,탄산음료
2022-05-06,60,탄산음료
2022-05-10,1152,탄산음료
2022-05-11,192,탄산음료
2022-05-11,240,탄산음료
2022-05-11,240,탄산음료
2022-05-11,480,탄산음료
2022-05-11,480,탄산음료
2022-05-12,504,탄산음료
2022-05-12,264,탄산음료
2022-05-14,192,탄산음료
2022-05-16,96,탄산음료
2022-05-17,900,탄산음료
2022-05-17,1200,탄산음료
2022-05-17,720,탄산음료
2022-05-17,900,탄산음료
2022-05-17,300,탄산음료
2022-05-17,600,탄산음료
2022-05-20,480,탄산음료
2022-05-20,480,탄산음료
2022-05-20,240,탄산음료
2022-05-20,1080,탄산음료
2022-05-20,720,탄산음료
2022-05-20,144,탄산음료
2022-05-20,900,탄산음료
2022-05-20,300,탄산음료
2022-05-23,60,탄산음료
2022-05-23,240,탄산음료
2022-05-23,120,탄산음료
2022-05-23,48,탄산음료
2022-05-23,150,탄산음료
2022-05-24,528,탄산음료
2022-05-24,-72,탄산음료
2022-05-25,120,탄산음료
2022-05-28,240,탄산음료
2022-05-28,192,탄산음료
2022-05-30,2112,탄산음료
2022-05-30,720,탄산음료
2022-05-30,120,탄산음료
2022-05-30,120,탄산음료
2022-05-31,240,탄산음료
2022-05-31,240,탄산음료
2022-06-02,1152,탄산음료
2022-06-02,900,탄산음료
2022-06-02,240,탄산음료
2022-06-08,96,탄산음료
2022-06-08,384,탄산음료
2022-06-08,-2,탄산음료
2022-06-08,-15,탄산음료
2022-06-08,150,탄산음료
2022-06-08,300,탄산음료
2022-06-08,60,탄산음료
2022-06-08,240,탄산음료
2022-06-08,-2,탄산음료
2022-06-09,300,탄산음료
2022-06-09,528,탄산음료
2022-06-10,720,탄산음료
2022-06-10,1200,탄산음료
2022-06-10,200,탄산음료
2022-06-10,480,탄산음료
2022-06-10,-48,탄산음료
2022-06-10,-120,탄산음료
2022-06-10,600,탄산음료
2022-06-10,660,탄산음료
2022-06-10,400,탄산음료
2022-06-10,200,탄산음료
2022-06-10,240,탄산음료
2022-06-10,-30,탄산음료
2022-06-13,240,탄산음료
2022-06-13,570,탄산음료
2022-06-13,120,탄산음료
2022-06-13,-97,탄산음료
2022-06-13,264,탄산음료
2022-06-13,600,탄산음료
2022-06-13,240,탄산음료
2022-06-13,900,탄산음료
2022-06-13,-48,탄산음료
2022-06-14,528,탄산음료
2022-06-14,300,탄산음료
2022-06-14,900,탄산음료
2022-06-17,1200,탄산음료
2022-06-20,640,탄산음료
2022-06-20,240,탄산음료
2022-06-20,-1,탄산음료
2022-06-20,240,탄산음료
2022-06-20,-4,탄산음료
2022-06-21,2940,탄산음료
2022-06-21,-96,탄산음료
2022-06-22,480,탄산음료
2022-06-23,480,탄산음료
2022-06-23,2112,탄산음료
2022-06-24,600,탄산음료
2022-06-24,300,탄산음료
2022-06-24,120,탄산음료
2022-06-24,240,탄산음료
2022-06-24,300,탄산음료
2022-06-24,900,탄산음료
2022-06-24,120,탄산음료
2022-06-24,120,탄산음료
2022-06-29,120,탄산음료
2022-06-29,264,탄산음료
2022-06-29,120,탄산음료
2022-06-30,120,탄산음료
2022-07-01,528,탄산음료
2022-07-01,450,탄산음료
2022-07-01,1200,탄산음료
2022-07-01,400,탄산음료
2022-07-04,300,탄산음료
2022-07-04,360,탄산음료
2022-07-05,1152,탄산음료
2022-07-05,900,탄산음료
2022-07-05,300,탄산음료
2022-07-05,300,탄산음료
2022-07-05,120,탄산음료
2022-07-06,1200,탄산음료
2022-07-06,480,탄산음료
2022-07-06,400,탄산음료
2022-07-08,96,탄산음료
2022-07-12,72,탄산음료
2022-07-12,120,탄산음료
2022-07-12,288,탄산음료
2022-07-12,120,탄산음료
2022-07-12,-17,탄산음료
2022-07-12,-60,탄산음료
2022-07-13,-24,탄산음료
2022-07-13,-15,탄산음료
2022-07-13,-10,탄산음료
2022-07-14,240,탄산음료
2022-07-15,264,탄산음료
2022-07-15,600,탄산음료
2022-07-15,900,탄산음료
2022-07-18,720,탄산음료
2022-07-18,120,탄산음료
2022-07-18,120,탄산음료
2022-07-18,768,탄산음료
2022-07-18,240,탄산음료
2022-07-19,2232,탄산음료
2022-07-19,72,탄산음료
2022-07-19,300,탄산음료
2022-07-19,180,탄산음료
2022-07-19,240,탄산음료
2022-07-19,240,탄산음료
2022-07-19,720,탄산음료
2022-07-20,2112,탄산음료
2022-07-20,100,탄산음료
2022-07-20,240,탄산음료
2022-07-20,600,탄산음료
2022-07-22,504,탄산음료
2022-07-22,600,탄산음료
2022-07-25,2700,탄산음료
2022-07-29,480,탄산음료
2022-08-01,900,탄산음료
2022-08-01,750,탄산음료
2022-08-01,480,탄산음료
2022-08-01,1200,탄산음료
2022-08-01,-5,탄산음료
2022-08-01,750,탄산음료
2022-08-01,360,탄산음료
2022-08-01,120,탄산음료
2022-08-01,300,탄산음료
2022-08-01,660,탄산음료
2022-08-01,120,탄산음료
2022-08-01,-1,탄산음료
2022-08-01,-8,탄산음료
2022-08-02,300,탄산음료
2022-08-02,300,탄산음료
2022-08-02,300,탄산음료
2022-08-05,240,탄산음료
2022-08-05,480,탄산음료
2022-08-05,360,탄산음료
2022-08-05,360,탄산음료
2022-08-05,480,탄산음료
2022-08-05,24,탄산음료
2022-08-05,480,탄산음료
2022-08-05,600,탄산음료
2022-08-06,960,탄산음료
2022-08-08,300,탄산음료
2022-08-08,48,탄산음료
2022-08-09,480,탄산음료
2022-08-09,480,탄산음료
2022-08-09,1500,탄산음료
2022-08-11,528,탄산음료
2022-08-11,156,탄산음료
2022-08-11,480,탄산음료
2022-08-11,156,탄산음료
2022-08-11,150,탄산음료
2022-08-11,60,탄산음료
2022-08-11,36,탄산음료
2022-08-11,60,탄산음료
2022-08-16,480,탄산음료
2022-08-17,1152,탄산음료
2022-08-18,72,탄산음료
2022-08-18,990,탄산음료
2022-08-18,300,탄산음료
2022-08-18,1600,탄산음료
2022-08-18,480,탄산음료
2022-08-18,480,탄산음료
2022-08-19,120,탄산음료
2022-08-22,120,탄산음료
2022-08-22,120,탄산음료
2022-08-22,120,탄산음료
2022-08-23,528,탄산음료
2022-08-23,300,탄산음료
2022-08-23,-12,탄산음료
2022-08-24,240,탄산음료
2022-08-25,480,탄산음료
2022-08-25,480,탄산음료
2022-08-27,480,탄산음료
2022-08-27,120,탄산음료
2022-08-27,120,탄산음료
2022-08-30,480,탄산음료
2022-08-31,2112,탄산음료
2022-09-01,528,탄산음료
2022-09-01,900,탄산음료
2022-09-01,330,탄산음료
2022-09-01,450,탄산음료
2022-09-02,20,탄산음료
2022-09-02,384,탄산음료
2022-09-02,20,탄산음료
2022-09-06,528,탄산음료
2022-09-06,-60,탄산음료
2022-09-06,-24,탄산음료
2022-09-08,240,탄산음료
2022-09-08,408,탄산음료
2022-09-14,60,탄산음료
2022-09-15,240,탄산음료
2022-09-15,192,탄산음료
2022-09-15,48,탄산음료
2022-09-16,264,탄산음료
2022-09-16,240,탄산음료
2022-09-19,600,탄산음료
2022-09-19,600,탄산음료
2022-09-19,900,탄산음료
2022-09-20,1200,탄산음료
2022-09-20,300,탄산음료
2022-09-20,624,탄산음료
2022-09-20,120,탄산음료
2022-09-20,120,탄산음료
2022-09-21,20,탄산음료
2022-09-21,240,탄산음료
2022-09-21,240,탄산음료
2022-09-21,240,탄산음료
2022-09-21,120,탄산음료
2022-09-21,20,탄산음료
2022-09-21,240,탄산음료
2022-09-21,-12,탄산음료
2022-09-22,600,탄산음료
2022-09-23,384,탄산음료
2022-09-23,-48,탄산음료
2022-09-23,450,탄산음료
2022-09-23,480,탄산음료
2022-09-24,480,탄산음료
2022-09-27,198,탄산음료
2022-09-28,200,탄산음료
2022-09-28,900,탄산음료
2022-09-30,600,탄산음료
2022-10-01,160,탄산음료
2022-10-01,480,탄산음료
2022-10-01,900,탄산음료
2022-10-04,1152,탄산음료
2022-10-04,360,탄산음료
2022-10-04,-12,탄산음료
2022-10-04,600,탄산음료
2022-10-05,150,탄산음료
2022-10-05,20,탄산음료
2022-10-05,300,탄산음료
2022-10-05,150,탄산음료
2022-10-05,36,탄산음료
2022-10-05,60,탄산음료
2022-10-05,20,탄산음료
2022-10-05,-12,탄산음료
2022-10-08,1200,탄산음료
2022-10-08,480,탄산음료
2022-10-11,528,탄산음료
2022-10-11,240,탄산음료
2022-10-11,960,탄산음료
2022-10-11,1200,탄산음료
2022-10-13,900,탄산음료
2022-10-14,1200,탄산음료
2022-10-14,240,탄산음료
2022-10-14,120,탄산음료
2022-10-14,300,탄산음료
2022-10-14,-17,탄산음료
2022-10-15,480,탄산음료
2022-10-17,960,탄산음료
2022-10-18,528,탄산음료
2022-10-18,240,탄산음료
2022-10-18,60,탄산음료
2022-10-18,480,탄산음료
2022-10-18,360,탄산음료
2022-10-19,-60,탄산음료
2022-10-19,240,탄산음료
2022-10-20,96,탄산음료
2022-10-21,2112,탄산음료
2022-10-21,600,탄산음료
2022-10-21,480,탄산음료
2022-10-24,-72,탄산음료
2022-10-24,2940,탄산음료
2022-10-27,300,탄산음료
2022-10-28,300,탄산음료
2022-10-28,600,탄산음료
2022-10-28,1800,탄산음료
2022-10-31,240,탄산음료
2022-10-31,480,탄산음료
2022-11-01,600,탄산음료
2022-11-01,240,탄산음료
2022-11-01,900,탄산음료
2022-11-01,120,탄산음료
2022-11-01,450,탄산음료
2022-11-01,360,탄산음료
2022-11-01,150,탄산음료
2022-11-01,60,탄산음료
2022-11-01,696,탄산음료
2022-11-07,480,탄산음료
2022-11-11,960,탄산음료
2022-11-14,528,탄산음료
2022-11-14,120,탄산음료
2022-11-15,480,탄산음료
2022-11-16,900,탄산음료
2022-11-16,480,탄산음료
2022-11-16,600,탄산음료
2022-11-18,240,탄산음료
2022-11-22,1200,탄산음료
2022-11-22,300,탄산음료
2022-11-22,150,탄산음료
2022-11-22,60,탄산음료
2022-11-22,120,탄산음료
2022-11-22,20,탄산음료
2022-11-23,1152,탄산음료
2022-11-23,900,탄산음료
2022-11-24,480,탄산음료
2022-11-24,120,탄산음료
2022-11-24,120,탄산음료
2022-11-24,-6,탄산음료
2022-11-25,300,탄산음료
2022-11-28,240,탄산음료
2022-12-05,240,탄산음료
2022-12-05,180,탄산음료
2022-12-05,450,탄산음료
2022-12-05,60,탄산음료
2022-12-05,-24,탄산음료
2022-12-08,600,탄산음료
2022-12-09,1200,탄산음료
2022-12-09,240,탄산음료
2022-12-09,1500,탄산음료
2022-12-10,120,탄산음료
2022-12-12,-4,탄산음료
2022-12-14,480,탄산음료
2022-12-14,-11,탄산음료
2022-12-15,480,탄산음료
2022-12-15,264,탄산음료
2022-12-15,-96,탄산음료
2022-12-16,480,탄산음료
2022-12-17,1728,탄산음료
2022-12-20,150,탄산음료
2022-12-20,-80,탄산음료
2022-12-20,-600,탄산음료
2022-12-20,300,탄산음료
2022-12-20,150,탄산음료
2022-12-20,40,탄산음료
2022-12-20,300,탄산음료
2022-12-20,-6,탄산음료
2022-12-21,1500,탄산음료
2022-12-23,2112,탄산음료
2022-12-23,720,탄산음료
2022-12-24,240,탄산음료
2022-12-24,1500,탄산음료
2023-01-02,96,탄산음료
2023-01-02,456,탄산음료
2023-01-04,528,탄산음료
2023-01-04,900,탄산음료
2023-01-04,240,탄산음료
2023-01-05,150,탄산음료
2023-01-05,300,탄산음료
2023-01-05,720,탄산음료
2023-01-05,150,탄산음료
2023-01-05,300,탄산음료
2023-01-05,300,탄산음료
2023-01-05,300,탄산음료
2023-01-05,120,탄산음료
2023-01-05,400,탄산음료
2023-01-06,1152,탄산음료
2023-01-06,240,탄산음료
2023-01-06,200,탄산음료
2023-01-06,588,탄산음료
2023-01-11,504,탄산음료
2023-01-11,2970,탄산음료
2023-01-12,1440,탄산음료
2023-01-12,720,탄산음료
2023-01-13,480,탄산음료
2023-01-13,360,탄산음료
2023-01-17,960,탄산음료
2023-01-25,504,탄산음료
2023-01-25,432,탄산음료
2023-01-25,720,탄산음료
2023-01-25,900,탄산음료
2023-01-25,-2,탄산음료
2023-01-25,-24,탄산음료
2023-01-25,-48,탄산음료
2023-01-25,-2,탄산음료
2023-01-25,900,탄산음료
2023-01-25,432,탄산음료
2023-01-27,200,탄산음료
2023-01-31,120,탄산음료
2023-02-02,2112,탄산음료
2023-02-02,660,탄산음료
2023-02-02,400,탄산음료
2023-02-03,1152,탄산음료
2023-02-03,120,탄산음료
2023-02-03,1800,탄산음료
2023-02-03,528,탄산음료
2023-02-03,192,탄산음료
2023-02-03,1200,탄산음료
2023-02-03,1056,탄산음료
2023-02-06,120,탄산음료
2023-02-06,1200,탄산음료
2023-02-07,60,탄산음료
2023-02-07,60,탄산음료
2023-02-07,120,탄산음료
2023-02-08,240,탄산음료
2023-02-08,180,탄산음료
2023-02-08,240,탄산음료
2023-02-08,60,탄산음료
2023-02-08,720,탄산음료
2023-02-10,240,탄산음료
2023-02-10,72,탄산음료
2023-02-10,120,탄산음료
2023-02-10,72,탄산음료
2023-02-10,240,탄산음료
2023-02-13,600,탄산음료
2023-02-13,1500,탄산음료
2023-02-15,120,탄산음료
2023-02-15,480,탄산음료
2023-02-17,240,탄산음료
2023-02-20,360,탄산음료
2023-02-21,480,탄산음료
2023-02-22,264,탄산음료
2023-02-22,72,탄산음료
2023-02-22,72,탄산음료
2023-02-22,240,탄산음료
2023-02-22,-72,탄산음료
2023-02-22,240,탄산음료
2023-02-22,120,탄산음료
2023-02-23,300,탄산음료
2023-02-23,480,탄산음료
2023-02-23,960,탄산음료
2023-02-23,300,탄산음료
2023-02-23,60,탄산음료
2023-02-23,60,탄산음료
2023-02-24,240,탄산음료
2023-02-27,1200,탄산음료
2023-02-27,300,탄산음료
2023-02-27,900,탄산음료
2023-03-02,528,탄산음료
2023-03-02,900,탄산음료
2023-03-02,60,탄산음료
2023-03-07,900,탄산음료
2023-03-07,300,탄산음료
2023-03-07,120,탄산음료
2023-03-07,264,탄산음료
2023-03-07,120,탄산음료
2023-03-09,60,탄산음료
2023-03-10,200,탄산음료
2023-03-10,240,탄산음료
2023-03-11,240,탄산음료
2023-03-13,720,탄산음료
2023-03-13,240,탄산음료
2023-03-14,240,탄산음료
2023-03-15,528,탄산음료
2023-03-15,-48,탄산음료
2023-03-15,-24,탄산음료
2023-03-16,150,탄산음료
2023-03-16,120,탄산음료
2023-03-17,2112,탄산음료
2023-03-18,570,탄산음료
2023-03-20,1152,탄산음료
2023-03-20,240,탄산음료
2023-03-20,600,탄산음료
2023-03-22,400,탄산음료
2023-03-24,300,탄산음료
2023-03-24,300,탄산음료
2023-03-28,240,탄산음료
2023-03-28,240,탄산음료
2023-03-29,480,탄산음료
2023-03-31,480,탄산음료
2023-03-31,160,탄산음료
2023-03-31,160,탄산음료
2023-04-01,240,탄산음료
2023-04-03,528,탄산음료
2023-04-03,900,탄산음료
2023-04-03,900,탄산음료
2023-04-03,300,탄산음료
2023-04-03,-96,탄산음료
2023-04-03,-12,탄산음료
2023-04-03,2970,탄산음료
2023-04-03,300,탄산음료
2023-04-03,600,탄산음료
2023-04-05,600,탄산음료
2023-04-05,660,탄산음료
2023-04-06,480,탄산음료
2023-04-08,200,탄산음료
2023-04-08,240,탄산음료
2023-04-08,600,탄산음료
2023-04-08,600,탄산음료
2023-04-10,168,탄산음료
2023-04-10,480,탄산음료
2023-04-10,480,탄산음료
2023-04-10,-30,탄산음료
2023-04-10,696,탄산음료
2023-04-10,600,탄산음료
2023-04-10,480,탄산음료
2023-04-11,240,탄산음료
2023-04-11,240,탄산음료
2023-04-11,60,탄산음료
2023-04-11,120,탄산음료
2023-04-11,120,탄산음료
2023-04-12,480,탄산음료
2023-04-12,160,탄산음료
2023-04-12,600,탄산음료
2023-04-13,552,탄산음료
2023-04-13,600,탄산음료
2023-04-14,240,탄산음료
2023-04-14,600,탄산음료
2023-04-17,240,탄산음료
2023-04-17,600,탄산음료
2023-04-18,240,탄산음료
2023-04-18,120,탄산음료
2023-04-19,216,탄산음료
2023-04-19,480,탄산음료
2023-04-19,600,탄산음료
2023-04-19,960,탄산음료
2023-04-20,1008,탄산음료
2023-04-20,240,탄산음료
2023-04-20,600,탄산음료
2023-04-24,288,탄산음료
2023-04-25,600,탄산음료
2023-04-25,-11,탄산음료
2023-04-27,272,탄산음료
2023-04-27,480,탄산음료
2023-04-28,80,탄산음료
2023-04-29,384,탄산음료
2023-04-29,384,탄산음료
2023-05-02,-24,탄산음료
2023-05-02,2970,탄산음료
2023-05-04,150,탄산음료
2023-05-04,300,탄산음료
2023-05-04,150,탄산음료
2023-05-04,300,탄산음료
2023-05-04,60,탄산음료
2023-05-04,120,탄산음료
2023-05-08,240,탄산음료
2023-05-08,360,탄산음료
2023-05-09,900,탄산음료
2023-05-10,600,탄산음료
2023-05-11,240,탄산음료
2023-05-12,600,탄산음료
2023-05-12,600,탄산음료
2023-05-12,240,탄산음료
2023-05-12,1800,탄산음료
2023-05-12,264,탄산음료
2023-05-12,240,탄산음료
2023-05-12,900,탄산음료
2023-05-13,240,탄산음료
2023-05-15,60,탄산음료
2023-05-15,300,탄산음료
2023-05-15,200,탄산음료
2023-05-15,120,탄산음료
2023-05-15,120,탄산음료
2023-05-16,120,탄산음료
2023-05-16,312,탄산음료
2023-05-16,600,탄산음료
2023-05-16,240,탄산음료
2023-05-18,120,탄산음료
2023-05-18,600,탄산음료
2023-05-19,240,탄산음료
2023-05-19,120,탄산음료
2023-05-19,300,탄산음료
2023-05-22,60,탄산음료
2023-05-22,480,탄산음료
2023-05-24,1152,탄산음료
2023-05-24,720,탄산음료
2023-05-24,480,탄산음료
2023-05-30,240,탄산음료
2023-06-01,528,탄산음료
2023-06-01,1152,탄산음료
2023-06-01,900,탄산음료
2023-06-01,450,탄산음료
2023-06-03,240,탄산음료
2023-06-03,600,탄산음료
2023-06-05,900,탄산음료
2023-06-05,600,탄산음료
2023-06-05,200,탄산음료
2023-06-07,300,탄산음료
2023-06-07,300,탄산음료
2023-06-08,900,탄산음료
2023-06-08,720,탄산음료
2023-06-08,600,탄산음료
2023-06-08,600,탄산음료
2023-06-09,240,탄산음료
2023-06-12,2112,탄산음료
2023-06-12,200,탄산음료
2023-06-14,270,탄산음료
2023-06-14,504,탄산음료
2023-06-14,-18,탄산음료
2023-06-15,600,탄산음료
2023-06-15,120,탄산음료
2023-06-15,120,탄산음료
2023-06-15,300,탄산음료
2023-06-20,720,탄산음료
2023-06-20,300,탄산음료
2023-06-21,930,탄산음료
2023-06-21,2880,탄산음료
2023-06-24,600,탄산음료
2023-06-24,240,탄산음료
2023-06-24,150,탄산음료
2023-06-24,480,탄산음료
2023-06-24,400,탄산음료
2023-06-26,480,탄산음료
2023-06-26,120,탄산음료
2023-06-26,240,탄산음료
2023-06-26,240,탄산음료
2023-06-26,120,탄산음료
2023-06-29,600,탄산음료
2023-07-01,360,탄산음료
2023-07-04,540,탄산음료
2023-07-07,900,탄산음료
2023-07-07,480,탄산음료
2023-07-07,300,탄산음료
2023-07-07,300,탄산음료
2023-07-07,72,탄산음료
2023-07-07,-2,탄산음료
2023-07-07,400,탄산음료
2023-07-07,720,탄산음료
2023-07-07,300,탄산음료
2023-07-07,300,탄산음료
2023-07-07,300,탄산음료
2023-07-07,120,탄산음료
2023-07-07,120,탄산음료
2023-07-07,-9,탄산음료
2023-07-07,-6,탄산음료
2023-07-07,-6,탄산음료
2023-07-07,-12,탄산음료
2023-07-07,-63,탄산음료
2023-07-10,400,탄산음료
2023-07-10,240,탄산음료
2023-07-10,-84,탄산음료
2023-07-10,360,탄산음료
2023-07-12,1152,탄산음료
2023-07-12,-24,탄산음료
2023-07-12,900,탄산음료
2023-07-12,-48,탄산음료
2023-07-14,600,탄산음료
2023-07-14,528,탄산음료
2023-07-14,240,탄산음료
2023-07-17,600,탄산음료
2023-07-17,600,탄산음료
2023-07-20,360,탄산음료
2023-07-20,528,탄산음료
2023-07-24,720,탄산음료
2023-07-24,20,탄산음료
2023-07-29,600,탄산음료
2023-07-31,360,탄산음료
2023-08-02,900,탄산음료
2023-08-02,2970,탄산음료
2023-08-02,-120,탄산음료
2023-08-03,600,탄산음료
2023-08-03,150,탄산음료
2023-08-03,240,탄산음료
2023-08-04,600,탄산음료
2023-08-04,1800,탄산음료
2023-08-05,864,탄산음료
2023-08-07,864,탄산음료
2023-08-09,600,탄산음료
2023-08-09,600,탄산음료
2023-08-09,600,탄산음료
2023-08-09,240,탄산음료
2023-08-11,1200,탄산음료
2023-08-11,60,탄산음료
2023-08-17,150,탄산음료
2023-08-17,240,탄산음료
2023-08-18,528,탄산음료
2023-08-18,900,탄산음료
2023-08-18,-120,탄산음료
2023-08-18,-42,탄산음료
2023-08-19,480,탄산음료
2023-08-19,720,탄산음료
2023-08-21,1128,탄산음료
2023-08-22,480,탄산음료
2023-08-23,10,탄산음료
2023-08-23,240,탄산음료
2023-08-25,120,탄산음료
2023-08-25,450,탄산음료
2023-08-25,-24,탄산음료
2023-08-25,-12,탄산음료
2023-08-26,480,탄산음료
2023-08-26,960,탄산음료
2023-08-28,480,탄산음료
2023-08-29,360,탄산음료
2023-09-06,1104,탄산음료
2023-09-06,240,탄산음료
2023-09-06,72,탄산음료
2023-09-06,312,탄산음료
2023-09-08,150,탄산음료
2023-09-08,150,탄산음료
2023-09-08,150,탄산음료
2023-09-08,150,탄산음료
2023-09-08,150,탄산음료
2023-09-08,36,탄산음료
2023-09-08,60,탄산음료
2023-09-09,360,탄산음료
2023-09-11,-60,탄산음료
2023-09-11,-18,탄산음료
2023-09-12,900,탄산음료
2023-09-12,400,탄산음료
2023-09-13,-4,탄산음료
2023-09-13,-3,탄산음료
2023-09-14,960,탄산음료
2023-09-14,300,탄산음료
2023-09-15,240,탄산음료
2023-09-18,480,탄산음료
2023-09-20,2910,탄산음료
2023-09-22,-150,탄산음료
2023-09-22,-36,탄산음료
2023-09-25,150,탄산음료
2023-09-25,120,탄산음료
2023-09-25,480,탄산음료
2023-09-27,600,탄산음료
2023-10-02,600,탄산음료
2023-10-04,1152,탄산음료
2023-10-05,600,탄산음료
2023-10-05,300,탄산음료
2023-10-07,120,탄산음료
2023-10-07,360,탄산음료
2023-10-10,480,탄산음료
2023-10-10,528,탄산음료
2023-10-10,900,탄산음료
2023-10-10,-180,탄산음료
2023-10-10,360,탄산음료
2023-10-11,600,탄산음료
2023-10-11,720,탄산음료
2023-10-11,720,탄산음료
2023-10-11,400,탄산음료
2023-10-12,384,탄산음료
2023-10-13,-96,탄산음료
2023-10-18,480,탄산음료
2023-10-18,720,탄산음료
2023-10-19,504,탄산음료
2023-10-19,600,탄산음료
2023-10-19,450,탄산음료
2023-10-19,-96,탄산음료
2023-10-20,60,탄산음료
2023-10-23,480,탄산음료
2023-10-23,960,탄산음료
2023-10-24,720,탄산음료
2023-10-24,240,탄산음료
2023-10-25,150,탄산음료
2023-10-25,480,탄산음료
2023-10-25,-36,탄산음료
2023-10-25,-24,탄산음료
2023-10-25,-5,탄산음료
2023-10-25,-24,탄산음료
2023-10-25,-63,탄산음료
2023-10-30,360,탄산음료
2023-11-02,240,탄산음료
2023-11-02,320,탄산음료
2023-11-02,600,탄산음료
2023-11-03,150,탄산음료
2023-11-03,150,탄산음료
2023-11-03,60,탄산음료
2023-11-04,480,탄산음료
2023-11-06,300,탄산음료
2023-11-07,1890,탄산음료
2023-11-07,300,탄산음료
2023-11-07,400,탄산음료
2023-11-07,240,탄산음료
2023-11-08,900,탄산음료
2023-11-08,600,탄산음료
2023-11-10,240,탄산음료
2023-11-10,270,탄산음료
2023-11-11,270,탄산음료
2023-11-13,240,탄산음료
2023-11-13,600,탄산음료
2023-11-15,528,탄산음료
2023-11-15,900,탄산음료
2023-11-15,210,탄산음료
2023-11-15,360,탄산음료
2023-11-17,60,탄산음료
2023-11-17,480,탄산음료
2023-11-20,528,탄산음료
2023-11-20,240,탄산음료
2023-11-22,320,탄산음료
2023-11-22,-3,탄산음료
2023-11-22,-36,탄산음료
2023-11-22,-36,탄산음료
2023-11-22,-2,탄산음료
2023-11-22,450,탄산음료
2023-11-22,300,탄산음료
2023-11-22,240,탄산음료
2023-11-22,-72,탄산음료
2023-11-22,-24,탄산음료
2023-11-23,720,탄산음료
2023-11-23,600,탄산음료
2023-11-24,768,탄산음료
2023-11-24,600,탄산음료
2023-11-24,-19,탄산음료
2023-11-29,240,탄산음료
2023-12-01,150,탄산음료
2023-12-01,60,탄산음료
2023-12-06,360,탄산음료
2023-12-06,24,탄산음료
2023-12-06,-24,탄산음료
2023-12-07,480,탄산음료
2023-12-08,600,탄산음료
2023-12-11,240,탄산음료
2023-12-14,528,탄산음료
2023-12-14,720,탄산음료
2023-12-14,600,탄산음료
2023-12-14,96,탄산음료
2023-12-14,240,탄산음료
2023-12-14,-96,탄산음료
2023-12-15,1500,탄산음료
2023-12-18,480,탄산음료
2023-12-20,360,탄산음료
2023-12-20,270,탄산음료
2023-12-20,240,탄산음료
2023-12-20,-270,탄산음료
2023-12-20,420,탄산음료
2023-12-20,480,탄산음료
2023-12-26,1200,탄산음료
2023-12-26,240,탄산음료
2024-01-02,480,탄산음료
2024-01-02,240,탄산음료
2024-01-02,240,탄산음료
2024-01-02,480,탄산음료
2024-01-02,300,탄산음료
2024-01-02,120,탄산음료
2024-01-02,120,탄산음료
2024-01-02,300,탄산음료
2024-01-02,720,탄산음료
2024-01-02,400,탄산음료
2024-01-03,528,탄산음료
2024-01-03,2472,탄산음료
2024-01-03,480,탄산음료
2024-01-04,400,탄산음료
2024-01-05,150,탄산음료
2024-01-05,150,탄산음료
2024-01-05,300,탄산음료
2024-01-05,150,탄산음료
2024-01-05,36,탄산음료
2024-01-05,36,탄산음료
2024-01-05,60,탄산음료
2024-01-11,360,탄산음료
2024-01-11,200,탄산음료
2024-01-12,480,탄산음료
2024-01-12,720,탄산음료
2024-01-17,900,탄산음료
2024-01-17,240,탄산음료
2024-01-17,72,탄산음료
2024-01-17,2880,탄산음료
2024-01-17,72,탄산음료
2024-01-17,-1,탄산음료
2024-01-19,480,탄산음료
2024-01-19,240,탄산음료
2024-01-24,528,탄산음료
2024-01-25,600,탄산음료
2024-01-29,600,탄산음료
2024-01-31,400,탄산음료
2024-02-01,80,탄산음료
2024-02-02,150,탄산음료
2024-02-02,300,탄산음료
2024-02-02,150,탄산음료
2024-02-02,150,탄산음료
2024-02-05,72,탄산음료
2024-02-05,-12,탄산음료
2024-02-05,300,탄산음료
2024-02-05,400,탄산음료
2024-02-05,400,탄산음료
2024-02-05,360,탄산음료
2024-02-05,-72,탄산음료
2024-02-05,-48,탄산음료
2024-02-05,-20,탄산음료
2024-02-05,-210,탄산음료
2024-02-14,360,탄산음료
2024-02-14,720,탄산음료
2024-02-16,480,탄산음료
2024-02-16,300,탄산음료
2024-02-16,-24,탄산음료
2024-02-16,36,탄산음료
2024-02-16,1500,탄산음료
2024-02-19,240,탄산음료
2024-02-19,120,탄산음료
2024-02-19,360,탄산음료
2024-02-21,528,탄산음료
2024-02-21,600,탄산음료
2024-02-21,72,탄산음료
2024-02-21,450,탄산음료
2024-02-21,288,탄산음료
2024-02-23,300,탄산음료
2024-02-23,24,탄산음료
2024-02-23,-30,탄산음료
2024-02-23,150,탄산음료
2024-02-24,24,탄산음료
2024-02-24,240,탄산음료
2024-02-26,24,탄산음료
2024-02-26,300,탄산음료
2024-02-27,240,탄산음료
2024-02-27,240,탄산음료
2024-02-28,480,탄산음료
2024-02-28,160,탄산음료
2024-02-29,720,탄산음료
2024-02-29,600,탄산음료
2024-03-02,480,탄산음료
2024-03-04,384,탄산음료
2024-03-06,2880,탄산음료
2024-03-07,480,탄산음료
2024-03-07,150,탄산음료
2024-03-07,636,탄산음료
2024-03-07,120,탄산음료
2024-03-07,-192,탄산음료
2024-03-07,-100,탄산음료
2024-03-08,240,탄산음료
2024-03-08,90,탄산음료
2024-03-08,60,탄산음료
2024-03-08,240,탄산음료
2024-03-09,120,탄산음료
2024-03-11,1152,탄산음료
2024-03-12,600,탄산음료
2024-03-13,792,탄산음료
2024-03-13,900,탄산음료
2024-03-13,-9,탄산음료
2024-03-16,270,탄산음료
2024-03-19,600,탄산음료
2024-03-20,528,탄산음료
2024-03-20,768,탄산음료
2024-03-20,1200,탄산음료
2024-03-21,480,탄산음료
2024-03-21,900,탄산음료
2024-03-22,300,탄산음료
2024-03-22,144,탄산음료
2024-03-23,270,탄산음료
2024-03-26,240,탄산음료
2024-03-26,270,탄산음료
2024-03-27,240,탄산음료
2024-03-30,240,탄산음료
2024-03-30,240,탄산음료
2024-04-02,240,탄산음료
2024-04-02,600,탄산음료
2024-04-03,2970,탄산음료
2024-04-04,300,탄산음료
2024-04-04,40,탄산음료
2024-04-05,150,탄산음료
2024-04-05,150,탄산음료
2024-04-05,720,탄산음료
2024-04-05,240,탄산음료
2024-04-05,90,탄산음료
2024-04-05,60,탄산음료
2024-04-05,24,탄산음료
2024-04-06,384,탄산음료
2024-04-06,240,탄산음료
2024-04-08,720,탄산음료
2024-04-08,720,탄산음료
2024-04-08,480,탄산음료
2024-04-09,480,탄산음료
2024-04-09,120,탄산음료
2024-04-11,720,탄산음료
2024-04-11,600,탄산음료
2024-04-12,150,탄산음료
2024-04-18,480,탄산음료
2024-04-19,240,탄산음료
2024-04-19,270,탄산음료
2024-04-19,600,탄산음료
2024-04-22,600,탄산음료
2024-04-23,210,탄산음료
2024-04-23,36,탄산음료
2024-04-23,720,탄산음료
2024-04-23,600,탄산음료
2024-04-23,-80,탄산음료
2024-04-24,1056,탄산음료
2024-04-24,360,탄산음료
2024-04-24,360,탄산음료
2024-04-24,120,탄산음료
2024-04-24,-76,탄산음료
2024-04-26,600,탄산음료
2024-04-26,600,탄산음료
2024-04-27,20,탄산음료
2024-04-29,600,탄산음료
2024-05-02,144,탄산음료
2024-05-02,360,탄산음료
2024-05-03,600,탄산음료
2024-05-03,240,탄산음료
2024-05-03,150,탄산음료
2024-05-03,150,탄산음료
2024-05-03,150,탄산음료
2024-05-03,300,탄산음료
2024-05-03,400,탄산음료
2024-05-03,150,탄산음료
2024-05-03,150,탄산음료
2024-05-03,150,탄산음료
2024-05-03,150,탄산음료
2024-05-03,-20,탄산음료
2024-05-07,240,탄산음료
2024-05-07,600,탄산음료
2024-05-09,72,탄산음료
2024-05-09,400,탄산음료
2024-05-09,260,탄산음료
2024-05-09,450,탄산음료
2024-05-10,2970,탄산음료
2024-05-13,360,탄산음료
2024-05-14,720,탄산음료
2024-05-14,480,탄산음료
2024-05-14,270,탄산음료
2024-05-16,2016,탄산음료
2024-05-16,300,탄산음료
2024-05-16,600,탄산음료
2024-05-16,300,탄산음료
2024-05-16,120,탄산음료
2024-05-16,300,탄산음료
2024-05-16,400,탄산음료
2024-05-16,240,탄산음료
2024-05-17,36,탄산음료
2024-05-20,240,탄산음료
2024-05-22,528,탄산음료
2024-05-22,504,탄산음료
2024-05-22,792,탄산음료
2024-05-22,480,탄산음료
2024-05-22,480,탄산음료
2024-05-22,-1,탄산음료
2024-05-22,-1,탄산음료
2024-05-23,228,탄산음료
2024-05-23,300,탄산음료
2024-05-28,376,탄산음료
2024-05-29,720,탄산음료
2024-05-29,672,탄산음료
2024-05-30,2970,탄산음료
2024-05-31,480,탄산음료
2024-06-03,480,탄산음료
2024-06-03,300,탄산음료
2024-06-03,240,탄산음료
2024-06-03,600,탄산음료
2024-06-04,480,탄산음료
2024-06-05,480,탄산음료
2024-06-05,360,탄산음료
2024-06-05,400,탄산음료
2024-06-05,150,탄산음료
2024-06-05,150,탄산음료
2024-06-05,150,탄산음료
2024-06-07,72,탄산음료
2024-06-10,720,탄산음료
2024-06-10,720,탄산음료
2024-06-10,480,탄산음료
2024-06-10,264,탄산음료
2024-06-11,900,탄산음료
2024-06-11,-24,탄산음료
2024-06-11,-144,탄산음료
2024-06-11,400,탄산음료
2024-06-11,-15,탄산음료
2024-06-12,720,탄산음료
2024-06-12,480,탄산음료
2024-06-12,720,탄산음료
2024-06-12,480,탄산음료
2024-06-14,1440,탄산음료
2024-06-14,3960,탄산음료
2024-06-14,150,탄산음료
2024-06-14,60,탄산음료
2024-06-17,720,탄산음료
2024-06-17,720,탄산음료
2024-06-17,288,탄산음료
2024-06-19,400,탄산음료
2024-06-19,2400,탄산음료
2024-06-19,120,탄산음료
2024-06-19,-4,탄산음료
2024-06-19,300,탄산음료
2024-06-19,120,탄산음료
2024-06-19,120,탄산음료
2024-06-19,-240,탄산음료
2024-06-20,360,탄산음료
2024-06-20,360,탄산음료
2024-06-20,600,탄산음료
2024-06-21,400,탄산음료
2024-06-21,600,탄산음료
2024-06-24,288,탄산음료
2024-06-24,800,탄산음료
2024-06-24,120,탄산음료
2024-07-01,60,탄산음료
2024-07-01,120,탄산음료
2024-07-01,600,탄산음료
2024-07-02,480,탄산음료
2024-07-02,120,탄산음료
2024-07-02,300,탄산음료
2024-07-02,600,탄산음료
2024-07-03,528,탄산음료
2024-07-03,600,탄산음료
2024-07-03,390,탄산음료
2024-07-03,480,탄산음료
2024-07-04,-24,탄산음료
2024-07-04,600,탄산음료
2024-07-05,300,탄산음료
2024-07-05,600,탄산음료
2024-07-05,-12,탄산음료
2024-07-08,120,탄산음료
2024-07-08,1200,탄산음료
2024-07-09,60,탄산음료
2024-07-09,960,탄산음료
2024-07-09,600,탄산음료
2024-07-09,1440,탄산음료
2024-07-10,600,탄산음료
2024-07-11,160,탄산음료
2024-07-11,600,탄산음료
2024-07-12,900,탄산음료
2024-07-12,90,탄산음료
2024-07-12,150,탄산음료
2024-07-15,600,탄산음료
2024-07-16,600,탄산음료
2024-07-17,1008,탄산음료
2024-07-18,120,탄산음료
2024-07-19,480,탄산음료
2024-07-19,480,탄산음료
2024-07-19,600,탄산음료
2024-07-19,90,탄산음료
2024-07-19,576,탄산음료
2024-07-19,240,탄산음료
2024-07-19,240,탄산음료
2024-07-19,300,탄산음료
2024-07-19,90,탄산음료
2024-07-19,90,탄산음료
2024-07-23,576,탄산음료
2024-07-24,120,탄산음료
2024-07-25,320,탄산음료
2024-07-25,1440,탄산음료
2024-07-25,120,탄산음료
2024-07-25,600,탄산음료
2024-07-26,240,탄산음료
2024-07-26,240,탄산음료
2024-07-30,150,탄산음료
2024-08-01,640,탄산음료
2024-08-02,120,탄산음료
2024-08-02,150,탄산음료
2024-08-02,600,탄산음료
2024-08-05,384,탄산음료
2024-08-06,120,탄산음료
2024-08-06,240,탄산음료
2024-08-07,600,탄산음료
2024-08-07,120,탄산음료
2024-08-08,150,탄산음료
2024-08-08,210,탄산음료
2024-08-08,-60,탄산음료
2024-08-08,150,탄산음료
2024-08-08,60,탄산음료
2024-08-08,720,탄산음료
2024-08-08,400,탄산음료
2024-08-08,72,탄산음료
2024-08-08,-200,탄산음료
2024-08-09,120,탄산음료
2024-08-09,120,탄산음료
2024-08-09,240,탄산음료
2024-08-09,600,탄산음료
2024-08-12,1200,탄산음료
2024-08-14,1440,탄산음료
2024-08-14,480,탄산음료
2024-08-16,528,탄산음료
2024-08-16,1008,탄산음료
2024-08-16,360,탄산음료
2024-08-20,480,탄산음료
2024-08-21,120,탄산음료
2024-08-21,72,탄산음료
2024-08-21,192,탄산음료
2024-08-21,180,탄산음료
2024-08-22,90,탄산음료
2024-08-22,90,탄산음료
2024-08-22,150,탄산음료
2024-08-22,90,탄산음료
2024-08-23,600,탄산음료
2024-08-23,-48,탄산음료
2024-08-23,300,탄산음료
2024-08-23,240,탄산음료
2024-08-23,-30,탄산음료
2024-08-23,-12,탄산음료
2024-08-30,400,탄산음료
2024-08-30,240,탄산음료
2024-09-02,588,탄산음료
2024-09-02,600,탄산음료
2024-09-02,480,탄산음료
2024-09-02,480,탄산음료
2024-09-03,280,탄산음료
2024-09-03,240,탄산음료
2024-09-03,2970,탄산음료
2024-09-05,210,탄산음료
2024-09-05,480,탄산음료
2024-09-05,600,탄산음료
2024-09-05,300,탄산음료
2024-09-05,600,탄산음료
2024-09-06,150,탄산음료
2024-09-06,120,탄산음료
2024-09-06,150,탄산음료
2024-09-06,150,탄산음료
2024-09-06,150,탄산음료
2024-09-06,60,탄산음료
2024-09-06,60,탄산음료
2024-09-06,240,탄산음료
2024-09-06,360,탄산음료
2024-09-06,240,탄산음료
2024-09-06,600,탄산음료
2024-09-09,480,탄산음료
2024-09-09,240,탄산음료
2024-09-09,600,탄산음료
2024-09-11,504,탄산음료
2024-09-11,240,탄산음료
2024-09-11,600,탄산음료
2024-09-12,144,탄산음료
2024-09-12,600,탄산음료
2024-09-19,300,탄산음료
2024-09-19,400,탄산음료
2024-09-19,-3,탄산음료
2024-09-20,240,탄산음료
2024-09-20,2970,탄산음료
2024-09-20,720,탄산음료
2024-09-23,480,탄산음료
2024-09-23,480,탄산음료
2024-09-23,480,탄산음료
2024-09-23,360,탄산음료
2024-09-23,240,탄산음료
2024-09-23,420,탄산음료
2024-09-24,240,탄산음료
2024-09-24,480,탄산음료
2024-09-24,72,탄산음료
2024-09-24,240,탄산음료
2024-09-26,120,탄산음료
2024-09-26,240,탄산음료
2024-09-27,480,탄산음료
2024-09-27,480,탄산음료
2024-09-27,480,탄산음료
2024-09-27,600,탄산음료
2024-09-30,360,탄산음료
2024-09-30,480,탄산음료
2024-09-30,600,탄산음료
2024-09-30,600,탄산음료
2024-10-01,300,탄산음료
2024-10-01,600,탄산음료
2024-10-01,720,탄산음료
2024-10-01,400,탄산음료
2024-10-02,558,탄산음료
2024-10-02,480,탄산음료
2024-10-02,360,탄산음료
2024-10-04,150,탄산음료
2024-10-04,150,탄산음료
2024-10-04,90,탄산음료
2024-10-07,900,탄산음료
2024-10-07,600,탄산음료
2024-10-07,600,탄산음료
2024-10-08,288,탄산음료
2024-10-08,120,탄산음료
2024-10-08,720,탄산음료
2024-10-08,360,탄산음료
2024-10-08,600,탄산음료
2024-10-11,120,탄산음료
2024-10-11,240,탄산음료
2024-10-14,960,탄산음료
2024-10-14,480,탄산음료
2024-10-14,3960,탄산음료
2024-10-15,600,탄산음료
2024-10-15,300,탄산음료
2024-10-15,300,탄산음료
2024-10-15,240,탄산음료
2024-10-16,240,탄산음료
2024-10-16,600,탄산음료
2024-10-16,320,탄산음료
2024-10-16,480,탄산음료
2024-10-16,480,탄산음료
2024-10-18,480,탄산음료
2024-10-18,150,탄산음료
2024-10-18,150,탄산음료
2024-10-18,600,탄산음료
2024-10-18,-12,탄산음료
2024-10-21,480,탄산음료
2024-10-21,600,탄산음료
2024-10-22,1500,탄산음료
2024-10-25,120,탄산음료
2024-10-28,300,탄산음료
2024-10-31,400,탄산음료
2024-11-02,200,탄산음료
2024-11-04,480,탄산음료
2024-11-04,480,탄산음료
2024-11-04,120,탄산음료
2024-11-04,300,탄산음료
2024-11-04,420,탄산음료
2024-11-04,180,탄산음료
2024-11-04,200,탄산음료
2024-11-05,300,탄산음료
2024-11-05,600,탄산음료
2024-11-05,150,탄산음료
2024-11-05,300,탄산음료
2024-11-05,200,탄산음료
2024-11-06,528,탄산음료
2024-11-07,1440,탄산음료
2024-11-07,960,탄산음료
2024-11-08,200,탄산음료
2024-11-12,240,탄산음료
2024-11-12,720,탄산음료
2024-11-12,-1,탄산음료
2024-11-15,150,탄산음료
2024-11-15,150,탄산음료
2024-11-15,150,탄산음료
2024-11-15,36,탄산음료
2024-11-15,240,탄산음료
2024-11-19,240,탄산음료
2024-11-19,240,탄산음료
2024-11-20,390,탄산음료
2024-11-20,400,탄산음료
2024-11-20,240,탄산음료
2024-11-20,240,탄산음료
2024-11-21,720,탄산음료
2024-11-22,480,탄산음료
2024-12-03,150,탄산음료
2024-12-03,150,탄산음료
2024-12-03,600,탄산음료
2024-12-03,300,탄산음료
2024-12-03,150,탄산음료
2024-12-03,36,탄산음료
2024-12-03,180,탄산음료
2024-12-03,300,탄산음료
2024-12-03,400,탄산음료
2024-12-03,-36,탄산음료
2024-12-06,480,탄산음료
2024-12-06,270,탄산음료
2024-12-11,720,탄산음료
2024-12-11,240,탄산음료
2024-12-18,-48,탄산음료
2024-12-18,-16,탄산음료
2024-12-18,72,탄산음료
2024-12-18,-72,탄산음료
2024-12-19,600,탄산음료
2024-12-19,300,탄산음료
2024-12-20,120,탄산음료
2024-12-23,300,탄산음료
2024-12-23,150,탄산음료
2024-12-23,90,탄산음료
2024-12-23,90,탄산음료
2024-12-23,60,탄산음료
2024-12-27,1500,탄산음료
2024-12-30,320,탄산음료
2024-12-30,240,탄산음료
2024-12-31,240,탄산음료